{
    "chain_name": "decentr",
    "api": ["https://rest.mainnet.decentr.xyz","https://api.decentr.nodestake.top"],
    "rpc": ["https://ares.mainnet.decentr.xyz:443", "https://poseidon.mainnet.decentr.xyz:443","https://rpc.decentr.nodestake.top"],
    "snapshot_provider": "",
    "sdk_version": "0.44.3",
    "coin_type": "118",
    "min_tx_fee": "3000",
    "addr_prefix": "decentr",
    "logo": "/logos/decentr.png",
    "assets": [{
        "base": "udec",
        "symbol": "DEC",
        "exponent": "6",
        "coingecko_id": "decentr", 
        "logo": "/logos/decentr.png"
    }]
}
