{
    "chain_name": "nibiru",
    "api": [   
    "https://lcd.nibiru.fi",
    "https://nibiru.api.kjnodes.com",
    "https://api.nibiru.nodestake.org",
    "https://api.nibiru.silentvalidator.com",
    "https://nibiru-api.lavenderfive.com:443"
    ],
    "rpc": [
    "https://rpc.nibiru.fi",
    "https://nibiru.rpc.kjnodes.com",
    "https://rpc.nibiru.nodestake.org",
    "https://nibiru-rpc.lavenderfive.com:443",
    "https://rpc.nibiru.silentvalidator.com"

    ],
    "snapshot_provider": "",
    "sdk_version": "0.45.5",
    "coin_type": "118",
    "min_tx_fee": "3000",
    "addr_prefix": "nibi",
    "logo": "/logos/nibiru.png",
    "assets": [{
        "base": "unibi",
        "symbol": "NIBI",
        "exponent": "0",
        "coingecko_id": "nibi", 
        "logo": "/logos/nibiru.png"
    },
    {
        "base": "nibi",
        "symbol": "NIBI",
        "exponent": "6",
        "coingecko_id": "nibi", 
        "logo": "/logos/nibiru.png"
    }
]
}
