{
    "chain_name": "planq",
    "api": ["https://planq-api.polkachu.com", "https://rest.planq.network", "https://api-planq.comunitynode.my.id", "https://planq-api.enodex.lol", "https://api.planq.nodestake.top"],
    "rpc": ["https://planq-rpc.polkachu.com", "https://rpc.planq.network", "https://rpc-planq.comunitynode.my.id", "https://planq-rpc.enodex.lol", "https://rpc.planq.nodestake.top"],
    "snapshot_provider": "",
    "sdk_version": "0.46.3",
    "coin_type": "60",
    "min_tx_fee": "5000000000000000",
    "addr_prefix": "plq",
    "logo": "/logos/planq.png",
    "keplr_features": ["ibc-transfer", "ibc-go", "eth-address-gen", "eth-key-sign"],
    "assets": [{
        "base": "aplanq",
        "symbol": "plq",
        "exponent": "18",
        "coingecko_id": "planq",
        "logo": "/logos/planq.png"
    }]
}
